{
  "base": {
    "model_path": "/home/wzy/migrate/autodl-tmp/models/Qwen2.5-3B-Instruct",
    "dataset_name": "hiyouga/math12k",
    "dataset_split": "test",
    "limit": 500,
    "count": 500,
    "overall": 0.36560000000000126,
    "format": 0.02,
    "accuracy": 0.404,
    "output_file": "results/qwen2_5_1_5b_math_base_eval.jsonl"
  },
  "runs": [
    {
      "name": "grpo_composite",
      "experiment_log": "checkpoints/easyr1_reasoning/qwen2_5_1_5b_math_grpo_a10/experiment_log.jsonl",
      "exists": true,
      "validation_rows": [
        {
          "step": 50,
          "accuracy": 0.478,
          "format_rate": 0.53,
          "train_reward_v1": 0.4832000136375427,
          "mean_response_length": 396.4892272949219,
          "clip_ratio": 0.40288254618644714,
          "kl_loss": 0.000992660381598398,
          "approx_kl": -0.0002496429927175216,
          "pg_clipfrac_higher": 0.0,
          "pg_clipfrac_lower": 0.0,
          "grad_norm": 0.025146484375,
          "lr": 4.770499157269664e-06
        },
        {
          "step": 100,
          "accuracy": 0.508,
          "format_rate": 0.592,
          "train_reward_v1": 0.5164000391960144,
          "mean_response_length": 378.7170639038086,
          "clip_ratio": 0.3379579707980156,
          "kl_loss": 0.011595736956223845,
          "approx_kl": 0.00024343060552685833,
          "pg_clipfrac_higher": 0.0,
          "pg_clipfrac_lower": 0.0,
          "grad_norm": 0.0484619140625,
          "lr": 3.909892574627267e-06
        },
        {
          "step": 150,
          "accuracy": 0.52,
          "format_rate": 0.632,
          "train_reward_v1": 0.5311999917030334,
          "mean_response_length": 367.0109100341797,
          "clip_ratio": 0.33054956793785095,
          "kl_loss": 0.008158112410455942,
          "approx_kl": -0.00013005234313823166,
          "pg_clipfrac_higher": 0.00011983456352027133,
          "pg_clipfrac_lower": 0.0,
          "grad_norm": 0.041259765625,
          "lr": 2.6483557409146133e-06
        },
        {
          "step": 200,
          "accuracy": 0.496,
          "format_rate": 0.658,
          "train_reward_v1": 0.5121999979019165,
          "mean_response_length": 359.8495407104492,
          "clip_ratio": 0.31021013110876083,
          "kl_loss": 0.011575294192880392,
          "approx_kl": -0.0001774860021004525,
          "pg_clipfrac_higher": 0.00015845809293051178,
          "pg_clipfrac_lower": 0.0,
          "grad_norm": 0.0491943359375,
          "lr": 1.3446310799000578e-06
        },
        {
          "step": 250,
          "accuracy": 0.498,
          "format_rate": 0.676,
          "train_reward_v1": 0.5157999992370605,
          "mean_response_length": 351.3690719604492,
          "clip_ratio": 0.2861664891242981,
          "kl_loss": 0.01290923822671175,
          "approx_kl": 8.006525849151121e-06,
          "pg_clipfrac_higher": 0.00012318352953745768,
          "pg_clipfrac_lower": 0.0,
          "grad_norm": 0.03448486328125,
          "lr": 3.6945794086007706e-07
        },
        {
          "step": 300,
          "accuracy": 0.502,
          "format_rate": 0.664,
          "train_reward_v1": 0.5182000398635864,
          "mean_response_length": 353.9218063354492,
          "clip_ratio": 0.29748114198446274,
          "kl_loss": 0.007564479950815439,
          "approx_kl": 0.00037282490878472646,
          "pg_clipfrac_higher": 4.665920278057456e-05,
          "pg_clipfrac_lower": 0.0,
          "grad_norm": 0.0440673828125,
          "lr": 1.4568658469132913e-10
        }
      ],
      "best_by_train_reward_v1": {
        "step": 150,
        "accuracy": 0.52,
        "format_rate": 0.632,
        "train_reward_v1": 0.5311999917030334,
        "mean_response_length": 367.0109100341797,
        "clip_ratio": 0.33054956793785095,
        "kl_loss": 0.008158112410455942,
        "approx_kl": -0.00013005234313823166,
        "pg_clipfrac_higher": 0.00011983456352027133,
        "pg_clipfrac_lower": 0.0,
        "grad_norm": 0.041259765625,
        "lr": 2.6483557409146133e-06
      },
      "best_by_accuracy": {
        "step": 150,
        "accuracy": 0.52,
        "format_rate": 0.632,
        "train_reward_v1": 0.5311999917030334,
        "mean_response_length": 367.0109100341797,
        "clip_ratio": 0.33054956793785095,
        "kl_loss": 0.008158112410455942,
        "approx_kl": -0.00013005234313823166,
        "pg_clipfrac_higher": 0.00011983456352027133,
        "pg_clipfrac_lower": 0.0,
        "grad_norm": 0.041259765625,
        "lr": 2.6483557409146133e-06
      },
      "last": {
        "step": 300,
        "accuracy": 0.502,
        "format_rate": 0.664,
        "train_reward_v1": 0.5182000398635864,
        "mean_response_length": 353.9218063354492,
        "clip_ratio": 0.29748114198446274,
        "kl_loss": 0.007564479950815439,
        "approx_kl": 0.00037282490878472646,
        "pg_clipfrac_higher": 4.665920278057456e-05,
        "pg_clipfrac_lower": 0.0,
        "grad_norm": 0.0440673828125,
        "lr": 1.4568658469132913e-10
      },
      "stability": {
        "best_step": 150,
        "last_step": 300,
        "train_reward_v1_drop_from_best": 0.012999951839447021,
        "accuracy_drop_from_best": 0.018000000000000016,
        "format_rate_change_from_best": 0.03200000000000003
      }
    },
    {
      "name": "gspo",
      "experiment_log": "checkpoints/easyr1_reasoning/qwen2_5_1_5b_math_gspo_a10/experiment_log.jsonl",
      "exists": true,
      "validation_rows": [
        {
          "step": 50,
          "accuracy": 0.478,
          "format_rate": 0.502,
          "train_reward_v1": 0.4803999960422516,
          "mean_response_length": 400.8591079711914,
          "clip_ratio": 0.4284752160310745,
          "kl_loss": null,
          "approx_kl": 2.1706252972273014e-05,
          "pg_clipfrac_higher": 0.0767150498353518,
          "pg_clipfrac_lower": 0.0,
          "grad_norm": 0.02301025390625,
          "lr": 3.916754390727795e-06
        },
        {
          "step": 100,
          "accuracy": 0.476,
          "format_rate": 0.536,
          "train_reward_v1": 0.4819999635219574,
          "mean_response_length": 394.2341766357422,
          "clip_ratio": 0.4005253240466118,
          "kl_loss": null,
          "approx_kl": 0.0003789535661174644,
          "pg_clipfrac_higher": 0.02792027158041795,
          "pg_clipfrac_lower": 0.0,
          "grad_norm": 0.0340576171875,
          "lr": 1.3602332662288536e-06
        },
        {
          "step": 150,
          "accuracy": 0.484,
          "format_rate": 0.518,
          "train_reward_v1": 0.48740002512931824,
          "mean_response_length": 392.46531677246094,
          "clip_ratio": 0.3927128240466118,
          "kl_loss": null,
          "approx_kl": -7.340870117407879e-05,
          "pg_clipfrac_higher": 0.05189373965064684,
          "pg_clipfrac_lower": 0.0,
          "grad_norm": 0.02972412109375,
          "lr": 5.787450502728331e-10
        }
      ],
      "best_by_train_reward_v1": {
        "step": 150,
        "accuracy": 0.484,
        "format_rate": 0.518,
        "train_reward_v1": 0.48740002512931824,
        "mean_response_length": 392.46531677246094,
        "clip_ratio": 0.3927128240466118,
        "kl_loss": null,
        "approx_kl": -7.340870117407879e-05,
        "pg_clipfrac_higher": 0.05189373965064684,
        "pg_clipfrac_lower": 0.0,
        "grad_norm": 0.02972412109375,
        "lr": 5.787450502728331e-10
      },
      "best_by_accuracy": {
        "step": 150,
        "accuracy": 0.484,
        "format_rate": 0.518,
        "train_reward_v1": 0.48740002512931824,
        "mean_response_length": 392.46531677246094,
        "clip_ratio": 0.3927128240466118,
        "kl_loss": null,
        "approx_kl": -7.340870117407879e-05,
        "pg_clipfrac_higher": 0.05189373965064684,
        "pg_clipfrac_lower": 0.0,
        "grad_norm": 0.02972412109375,